,email,link
0,,
1,studio@exchangemastering.co,http://www.exchangemastering.co.uk/contact.html
2,bookings@miloco.co,https://milocostudios.com/contact/?feedback
3,info@audiomaster.co,https://www.audiomaster.co.uk/contact/
4,fallback@2x.png,https://soundbetter.com/s/harp
5,info@soundbetter.com,https://soundbetter.com/s/harp
6,ghostlyfe4eva@gmail.com,https://soundbetter.com/s/track-minus-top-line
7,hello@ethercreative.co,https://ethercreative.co.uk/
8,8b4e078a51d04e0e9efdf470027f0ec1@sentry.wixpress,https://www.360mastering.co.uk/
9,bundle@3.2,https://www.360mastering.co.uk/
10,fetch@3.0,https://www.360mastering.co.uk/
11,bolt@2.3,https://www.360mastering.co.uk/
12,1@2x.png,https://masteringaudio.tumblr.com/
13,387a0c015e78429ca256c602993e2b92@sentry.io,https://www.discogs.com/label/265434-360-Mastering
14,basscss@8.0,https://www.roughtraderecords.com/
15,nick@fluidmastering.com,https://www.fluidmastering.com/my-eyes-my-eyes-fluid-mastering-in-video/
16,info@fluidmastering.com,https://www.fluidmastering.com/online-mastering/
17,brown@website.com,https://www.freeindex.co.uk/contact.htm?enquirytype=detailsincorrect&id=477363
18,ashtonfaraday@gmail.com,https://soundbetter.com/profiles/641-robert-l-smith
19,derrickjarana@gmail.com,https://soundbetter.com/s/the-lion-king-musical
20,info@SoundBetter.com,https://soundbetter.com/contact
21,privacy@soundbetter.com,https://soundbetter.com/privacy
22,DMCA@soundbetter.com,https://soundbetter.com/terms-of-use
23,team@soundbetter.com,https://soundbetter.com/users/sign_up/provider
24,joshepifanio93@gmail.com,https://soundbetter.com/s/top-line-writer-vocal-melody
25,djokoalienvirus@gmail.com,https://soundbetter.com/s/session-dj
26,bookqthemusic@gmail.com,https://soundbetter.com/s/session-conversion
27,gattino106@gmail.com,https://soundbetter.com/s/rehearsal-rooms
28,dmokliak@gmail.com,https://soundbetter.com/s/programmed-drums
29,studiocompiegne60@gmail.com,https://soundbetter.com/s/pop-rock-arranger
30,thoughtcloudproductions@gmail.com,https://soundbetter.com/s/post-mixing
31,beachysteel@gmail.com,https://soundbetter.com/s/pedal-steel
32,TihaSMusic@yandex.ru,https://soundbetter.com/s/film-composers
33,bd@brunoduprat.com,https://soundbetter.com/s/film-composers
34,ivedunas@gmail.com,https://soundbetter.com/s/editing
35,sb@makemoneymgmt.com,https://soundbetter.com/s/bassoon
36,privacy@universalmusic.com,https://www.umusic.co.uk/privacy.html
37,info@umusic.com,https://www.abbeyroad.com/terms
38,info@murraychalmers.com,https://www.abbeyroad.com/press
39,huffelmann@abbeyroad.com,https://www.abbeyroad.com/partners
40,events@abbeyroad.com,https://www.abbeyroad.com/event-hire
41,red@abbeyroad.com,https://www.abbeyroad.com/research-innovation
42,hackathon@abbeyroad.com,https://www.abbeyroad.com/hackathon
43,mastering@bohemia.st,https://www.abbeyroad.com/masteringpartners
44,road@soundrepublica.com,https://www.abbeyroad.com/masteringpartners
45,launder@abbeyroad.com,https://www.abbeyroad.com/masteringpartners
46,apps@abbeyroad.com,https://www.abbeyroad.com/apps
47,Kazen@abbeyroad.com,https://www.abbeyroad.com/online-mixing
48,productionhub@abbeyroad.com,https://www.abbeyroad.com/music-production-tools
49,Campbell@abbeyroad.com,https://www.abbeyroad.com/technical-services
50,hopkins@abbeyroad.com,https://www.abbeyroad.com/recording-engineers
51,info@miloco.co,https://milocostudios.com/privacy-policy/
52,Sunnucks@abbeyroad.com,https://www.abbeyroad.com/thegatehouse
53,Miloco_Gear_205x@2x.jpg,https://www.milocogear.com/
54,microphone_345x345@2x.jpg,https://www.milocogear.com/
55,2_345x345@2x.jpg,https://www.milocogear.com/
56,front_345x345@2x.jpg,https://www.milocogear.com/
57,six_345x345@2x.jpg,https://www.milocogear.com/
58,sales@milocogear.com,https://www.milocogear.com/
59,info@drumdrops.com,https://www.drum-drops.com
60,info@abbeyroad.com,https://www.abbeyroad.com/about-us
61,hello@milocobuilds.com,http://milocobuilds.com/
62,info@piecesof8music.com,http://piecesof8music.com/
63,support@landr.com,https://www.landr.com/en/terms-of-service/
64,copyright@landr.com,https://www.landr.com/en/terms-of-service/
65,privacy@landr.com,https://www.landr.com/en/privacy/
66,media@landr.com,https://www.landr.com/en/press/
67,press@landr.com,https://www.landr.com/en/press/
68,your@email.com,https://affiliate.landr.com/
69,bg@bigbassbrian.com,http://bigbassbrian.com/
70,inquiry@genius.com,https://genius.com/Janelle-monae-queen-lyrics
71,64929815@N07_h.jpg,https://www.flickr.com/photos/milocorecordingstudios/
72,64929815@N07_r.jpg,https://www.flickr.com/photos/milocorecordingstudios/
73,64929815@N07_l.jpg,https://www.flickr.com/photos/milocorecordingstudios/
74,64929815@N07_m.jpg,https://www.flickr.com/photos/milocorecordingstudios/
75,64929815@N07_s.jpg,https://www.flickr.com/photos/milocorecordingstudios/
76,64929815@N07.jpg,https://www.flickr.com/photos/milocorecordingstudios/
77,64929815@N07_t.jpg,https://www.flickr.com/photos/milocorecordingstudios/
78,json@2.1,https://www.flickr.com/photos/milocorecordingstudios/
79,quiz@miloco.co,https://milocostudios.com/feed/
80,enablejs@gmail.com,https://www.enable-javascript.com/
81,146547146@N06_r.jpg,https://www.flickr.com/photos/146547146@N06/
82,146547146@N06_l.jpg,https://www.flickr.com/photos/146547146@N06/
83,146547146@N06_m.jpg,https://www.flickr.com/photos/146547146@N06/
84,146547146@N06_s.jpg,https://www.flickr.com/photos/146547146@N06/
85,146547146@N06.jpg,https://www.flickr.com/photos/146547146@N06/
86,mastering@alchemymastering.com,https://www.alchemymastering.com/Pure-Analogue-Vinyl-Mastering
87,phil@alchemymastering.com,https://www.alchemymastering.com/Duplication-and-Watermarking
88,barry@alchemymastering.com,https://www.alchemymastering.com/
89,lesley@alchemymastering.com,https://www.alchemymastering.com/
90,kevin@alchemymastering.com,https://www.alchemymastering.com/
91,kathy@wiredmasters.co,https://wiredmasters.co.uk/faq/
92,anna@wiredmasters.co,https://wiredmasters.co.uk/contact/
93,kev@wiredmasters.co,https://wiredmasters.wetransfer.com
94,hello@thisismetropolis.com,https://www.thisismetropolis.com/legal-terms-and-conditions/
95,dpaofficer@thisismetropolis.com,https://www.thisismetropolis.com/legal-terms-and-conditions/
96,info@londonmasteringstudio.co,https://www.londonmasteringstudio.co.uk/contact.html
97,mastering@thisismetropolis.com,https://www.thisismetropolis.com/onlinemastering/onlinemastering-faqs/
98,black@thisismetropolis.com,https://www.thisismetropolis.com/metropolis-black/
99,studios@thisismetropolis.com,https://www.thisismetropolis.com/contact/
100,events@thisismetropolis.com,https://www.thisismetropolis.com/contact/
101,yoshioka@thisismetropolis.com,https://www.thisismetropolis.com/contact/
102,ro@thisismetropolis.com,https://www.thisismetropolis.com/contact/
103,ro@thisismetropolis.c,https://www.thisismetropolis.com/contact/
104,lijia@thisismetropolis.com,https://www.thisismetropolis.com/contact/
105,brar@thisismetropolis.com,https://www.thisismetropolis.com/contact/
106,romero@thisismetropolis.com,https://www.thisismetropolis.com/contact/
107,careers@thisismetropolis.com,https://www.thisismetropolis.com/contact/
108,robson@thisismetropolis.com,https://www.thisismetropolis.com/international/
109,newman@thisismetropolis.com,https://www.thisismetropolis.com/other-projects/
110,info@cpgphotos.com,https://www.thisismetropolis.com/events/
